<?xml version="1.0" encoding="utf-8" ?>
<Defs>


<AlienRace.RaceSettings>
    <defName>Racc_Settings</defName>
     <pawnKindSettings>
            <alienslavekinds>
                <li>
                    <kindDefs>
                        <li>RaccSlave</li>
                    </kindDefs>
                    <chance>40.0</chance>
                </li>
            </alienslavekinds>
            <alienrefugeekinds>
                <li>
                    <kindDefs>
                        <li>RaccRefugee</li>
                    </kindDefs>
                    <chance>50.0</chance>
                </li>
            </alienrefugeekinds>
			<startingColonists>
				<li>
				<pawnKindEntries>
					<li>
                    <kindDefs>
                        <li>RaccHunter</li>
						<li>RaccSpy</li>
						<li>RaccNinja</li>
						<li>RaccColonist</li>
                    </kindDefs>
                    <chance>10.0</chance>
					</li>
				</pawnKindEntries>
					<factionDefs>
						<li>RaccPlayerColony</li> 
					</factionDefs>
				</li>
			</startingColonists>
            <alienwandererkinds>
                <li>
                    <pawnKindEntries>
                        <li>
                            <kindDefs>
                                <li>RaccHunter</li>
								<li>RaccSpy</li>
								<li>RaccColonist</li>
								<li>RaccNinja</li>
								<li>RaccArchivist</li>
								<li>RaccTheif</li>
                            </kindDefs>
                            <chance>50.0</chance>
                        </li>
                    </pawnKindEntries>
                    <factionDefs>
                        <li>RaccPlayerColony</li> 
                    </factionDefs>
                </li>
            </alienwandererkinds>
        </pawnKindSettings>
  </AlienRace.RaceSettings>


<ThingDef Name="BaseRaccPawn" Abstract="True">
    <thingClass>Pawn</thingClass>
    <category>Pawn</category>
    <selectable>true</selectable>
    <tickerType>Normal</tickerType>
    <altitudeLayer>Pawn</altitudeLayer>
    <useHitPoints>false</useHitPoints>
    <hasTooltip>true</hasTooltip>
    <soundImpactDefault>BulletImpact_Flesh</soundImpactDefault>
    <statBases>
      <Mass>70</Mass>
    </statBases>
    <inspectorTabs>
      <li>ITab_Pawn_Health</li>
      <li>ITab_Pawn_Needs</li>
      <li>ITab_Pawn_Character</li>
      <li>ITab_Pawn_Training</li>
      <li>ITab_Pawn_Gear</li>
      <li>ITab_Pawn_Guest</li>
      <li>ITab_Pawn_Prisoner</li>
      <li>ITab_Pawn_Social</li>
      <li>ITab_Pawn_Log</li>
      <li>ITab_Pawn_FormingCaravan</li>
    </inspectorTabs>
    <comps>
      <li>
        <compClass>CompAttachBase</compClass>
      </li>
    </comps>
    <drawGUIOverlay>true</drawGUIOverlay>
  </ThingDef>

<AlienRace.ThingDef_AlienRace ParentName="BaseRaccPawn">
    <defName>Alien_Racc</defName>
    <label>Racc</label>
    <description>A curious raccoon race, known for their obsession with information.</description>
    <alienRace>
        <generalSettings>
            <maleGenderProbability>0.5</maleGenderProbability>
            <immuneToAge>true</immuneToAge>
            <forcedRaceTraitEntries>
                <li>
                    <defName>NaturalMood</defName>
                    <degree>2</degree>
                    <chance>20</chance>
                </li>
                <li>
                    <defName>Beauty</defName>
                    <degree>2</degree>
                    <chance>20</chance>
                </li>
                <li>
                    <defName>Kind</defName>
					<chance>10</chance>
                </li>
            </forcedRaceTraitEntries>
            <alienPartGenerator>
                <aliencrowntypes>
                    <li>Average_Normal</li>
                </aliencrowntypes>
                <alienbodytypes>
                <li>Thin</li>
                <li>Male</li>
                <li>Female</li>
                </alienbodytypes>
                <alienskincolorgen Class="ColorGenerator_Options">
                    <options>
             <li>
                <weight>5</weight>
                <only>RGBA(1.0,1.0,1.0,1)</only>
            </li>
            <li>
                <weight>5</weight>
                <only>RGBA(0.5,0.5,0.5,1)</only>
            </li>
            <li>
                <weight>5</weight>
                <only>RGBA(0.3,0.3,0.3,1)</only>
            </li>
			<li>
                <weight>5</weight>
                <only>RGBA(0.27,0.27,0.29,1)</only>
            </li>
			<li>
                <weight>5</weight>
                <only>RGBA(0.658,0.45,0.27,1)</only>
            </li>
			<li>
                <weight>5</weight>
                <only>RGBA(0.568,0.525,0.352,1)</only>
            </li>
			<li>
                <weight>5</weight>
                <only>RGBA(0.27,0.27,0.29,1)</only>
            </li>
						<li>
                <weight>5</weight>
                <only>RGBA(0.35,0.29,0.25,1)</only>
            </li>
			<li>
                <weight>5</weight>
                <only>RGBA(0.749,0.792,0.807,1)</only>
            </li>
			<li>
                <weight>5</weight>
                <only>RGBA(0.376,0.376,0.376,1)</only>
            </li>
            <li>
                <weight>5</weight>
                <only>RGBA(0.7,0.7,0.75,1)</only>
            </li>
            <li>
                <weight>5</weight>
                <only>RGBA(0.4,0.3,0.1,1)</only>
            </li>
			<li>
                <weight>5</weight>
                <only>RGBA(0.7,0.7,0.7,1)</only>
            </li>
			<li>
                <weight>2</weight>
                <only>RGBA(0.3,0.3,0.45,1)</only>
            </li>
			<li>
                <weight>2</weight>
                <only>RGBA(0.55,0.3,0.55,1)</only>
            </li>
			<li>
                <weight>1</weight>
                <only>RGBA(0.25,0.25,0.28,1)</only>
            </li>
			<li>
				<weight>2</weight>
			    <min>RGBA(0.3,0.3,0.3,1)</min>
				<max>RGBA(0.9,0.9,0.9,1)</max>
			</li>
                    </options>
                </alienskincolorgen>

                	<alienskinsecondcolorgen Class="ColorGenerator_Options">
                <options>
				    <li>
                        <weight>10</weight>
                        <only>RGBA(0.9,0.9,0.9,1)</only>
                    </li>
                    <li>
                        <weight>10</weight>
                        <only>RGBA(1.0,1.0,1.0,1)</only>
                    </li>
                    <li>
				          <weight>2</weight>
			              <min>RGBA(0.3,0.3,0.3,1)</min>
				          <max>RGBA(0.7,0.7,0.9,1)</max>
			         </li>
                     <li>
				          <weight>2</weight>
			              <min>RGBA(0.3,0.3,0.3,1)</min>
				          <max>RGBA(0.3,0.9,0.9,1)</max>
			         </li>
                     <li>
				          <weight>2</weight>
			              <min>RGBA(0.2,0.4,0.3,1)</min>
				          <max>RGBA(0.6,0.9,0.9,1)</max>
			         </li>
                </options>
            </alienskinsecondcolorgen>
            <bodyAddons>
            <li>
				<path>Things/Racc/Tails/Rtail</path>
                <bodyPart>Tail</bodyPart>
                <useSkinColor>true</useSkinColor>
                <inFrontOfBody>false</inFrontOfBody>
                <offsets>
                <south>
                                    <bodyTypes>
                                    <Male>(0,-0.22)</Male>
                                    <Female>(0,-0.22)</Female>
                                    <Fat>(0,-0.22)</Fat>
                                    <Thin>(0,-0.22)</Thin>
                                    </bodyTypes>
                </south>

                <north>
                                    <bodyTypes>
                                    <Male>(0,-0.25)</Male>
                                    <Female>(0,-0.25)</Female>
                                    <Fat>(0,-0.25)</Fat>
                                    <Thin>(0,-0.25)</Thin>
                                    </bodyTypes>
                </north>

                <east>
                                    <bodyTypes>
                                    <Male>(0,-0.22)</Male>
                                    <Female>(0,-0.22)</Female>
                                    <Fat>(0.02,-0.22)</Fat>
                                    <Thin>(0,-0.22)</Thin>
                                    </bodyTypes>
                </east>
                </offsets>
                <hediffGraphics>
                <BionicRaccTail>Things/Racc/Tails/RtailBionic</BionicRaccTail>
                </hediffGraphics>
                </li>
            </bodyAddons>

            </alienPartGenerator>
			<chemicalSettings>	
		    </chemicalSettings>
            <humanRecipeImport>true</humanRecipeImport>
        </generalSettings>
        <graphicPaths>
            <li>
                <head>Things/Racc/Heads/</head>
                <body>Things/Racc/Bodies/</body>
            </li>
        </graphicPaths>
        <hairSettings>
            <hasHair>false</hasHair>
        </hairSettings>
        <relationSettings>
            <relationChanceModifierChild>1.1</relationChanceModifierChild>
            <relationChanceModifierExLover>1</relationChanceModifierExLover>
            <relationChanceModifierExSpouse>1</relationChanceModifierExSpouse>
            <relationChanceModifierFiance>1.1</relationChanceModifierFiance>
            <relationChanceModifierLover>1.05</relationChanceModifierLover>
            <relationChanceModifierParent>1</relationChanceModifierParent>
            <relationChanceModifierSibling>1</relationChanceModifierSibling>
            <relationChanceModifierSpouse>1.1</relationChanceModifierSpouse>
        </relationSettings>
		 <thoughtSettings>
    <cannotReceiveThoughts>
      <li>ObservedLayingCorpse</li>
      <li>ButcheredHumanlikeCorpse</li>
      <li>KnowButcheredHumanlikeCorpse</li>
      <li>AteHumanlikeMeatDirect</li>
      <li>AteHumanlikeMeatAsIngredient</li>
    </cannotReceiveThoughts>
	</thoughtSettings>
    </alienRace>
	<statBases>
      <MarketValue>2000</MarketValue>
      <MoveSpeed>7.62</MoveSpeed>
      <Flammability>0.3</Flammability>
      <ComfyTemperatureMin>6</ComfyTemperatureMin>
      <ComfyTemperatureMax>28</ComfyTemperatureMax>
      <LeatherAmount>25</LeatherAmount>
	   <PsychicSensitivity>0.85</PsychicSensitivity>
	   <MiningSpeed>1.2</MiningSpeed>
	   <ConstructionSpeed>1.1</ConstructionSpeed>
       <ResearchSpeed>1.1</ResearchSpeed>
       <AnimalGatherSpeed>1.1</AnimalGatherSpeed>
       <AnimalGatherYield>1.1</AnimalGatherYield>
    </statBases>
        <tools>
      <li>
        <label>left fist</label>
        <capacities>
          <li>Blunt</li>
        </capacities>
        <power>8.2</power>
        <cooldownTime>2</cooldownTime>
        <linkedBodyPartsGroup>LeftHand</linkedBodyPartsGroup>
        <surpriseAttack>
          <extraMeleeDamages>
            <li>
              <def>Stun</def>
              <amount>14</amount>
            </li>
          </extraMeleeDamages>
        </surpriseAttack>
      </li>
      <li>
        <label>right fist</label>
        <capacities>
          <li>Blunt</li>
        </capacities>
        <power>8.2</power>
        <cooldownTime>2</cooldownTime>
        <linkedBodyPartsGroup>RightHand</linkedBodyPartsGroup>
        <surpriseAttack>
          <extraMeleeDamages>
            <li>
              <def>Stun</def>
              <amount>14</amount>
            </li>
          </extraMeleeDamages>
        </surpriseAttack>
      </li>
      <li>
        <label>teeth</label>
        <capacities>
          <li>Bite</li>
        </capacities>
        <power>8.2</power>
        <cooldownTime>2</cooldownTime>
        <linkedBodyPartsGroup>Teeth</linkedBodyPartsGroup>
        <chanceFactor>0.07</chanceFactor>
      </li>
      <li>
        <label>head</label>
        <capacities>
          <li>Blunt</li>
        </capacities>
        <power>5</power>
        <cooldownTime>2</cooldownTime>
        <linkedBodyPartsGroup>HeadAttackTool</linkedBodyPartsGroup>
        <ensureLinkedBodyPartsGroupAlwaysUsable>true</ensureLinkedBodyPartsGroupAlwaysUsable>
        <chanceFactor>0.2</chanceFactor>
      </li>
    </tools>
    <race>
      <thinkTreeMain>Humanlike</thinkTreeMain>
      <thinkTreeConstant>HumanlikeConstant</thinkTreeConstant>
      <intelligence>Humanlike</intelligence>
      <makesFootprints>true</makesFootprints>
      <lifeExpectancy>5000</lifeExpectancy>
      <leatherDef>Leather_racc</leatherDef>
      <nameGenerator>NamerPersonRaccMale</nameGenerator>
       <nameGeneratorFemale>NamerPersonRaccFemale</nameGeneratorFemale>
      <body>Racc</body>
      <bloodDef>FilthBloodRacc</bloodDef>	
      <meatColor>(0, 0, 128)</meatColor>
      <baseBodySize>1.1</baseBodySize>
      <baseHealthScale>1.25</baseHealthScale>
      <foodType>OmnivoreHuman</foodType>
      <gestationPeriodDays>45</gestationPeriodDays>
      <litterSizeCurve>
        <points>
          <li>(0.5, 0)</li>
          <li>(1, 1)</li>
          <li>(1.01, 0.02)</li>
          <li>(3.5, 0)</li>
        </points>
      </litterSizeCurve>
      <lifeStageAges>
        <li>
          <def>BabyStageRacc</def>
          <minAge>0</minAge>
        </li>
        <li>
          <def>ChildStageRacc</def>
          <minAge>4</minAge>
        </li>
		<li>
          <def>TeenStageRacc</def>
          <minAge>13</minAge>
        </li>
        <li>
          <def>AdultStageRacc</def>
          <minAge>18</minAge>
        </li>
        <li>
          <def>ElderStageRacc</def>
          <minAge>250</minAge>
        </li>
          <li>
          <def>AncestorStageRacc</def>
          <minAge>625</minAge>
        </li>
        <li>
          <def>ProgenitorStageRacc</def>
          <minAge>1000</minAge>
        </li>
      </lifeStageAges>
      <soundMeleeHitPawn>Pawn_Melee_Punch_HitPawn</soundMeleeHitPawn>
      <soundMeleeHitBuilding>Pawn_Melee_Punch_HitBuilding</soundMeleeHitBuilding>
      <soundMeleeMiss>Pawn_Melee_Punch_Miss</soundMeleeMiss>
      <specialShadowData>
        <volume>(0.3, 0.8, 0.4)</volume>
        <offset>(0,0,-0.3)</offset>
      </specialShadowData>
      <ageGenerationCurve>
        <points>
                    <li>(16,0)</li>
                    <li>(17,200)</li>
                    <li>(20,100)</li>
                    <li>(30,100)</li>
                    <li>(40,20)</li>
                    <li>(50,10)</li>
					<li>(120,1)</li>
					<li>(900,1)</li>
                    <li>(1000,0)</li>
        </points>
      </ageGenerationCurve>
      <hediffGiverSets>
        <li>OrganicAgeless</li>
      </hediffGiverSets>
    </race>
    <recipes>
       <li>InstallArchotechEye</li>
      <li>InstallArchotechArm</li>
      <li>InstallArchotechLeg</li>
      <li>InstallPowerClaw</li>
      <li>InstallBionicEye</li>
      <li>InstallBionicArm</li>
      <li>InstallBionicLeg</li>
      <li>InstallBionicSpine</li>
      <li>InstallBionicHeart</li>
      <li>InstallBionicStomach</li>
      <li>InstallBionicEar</li>
      <li>InstallSimpleProstheticArm</li>
      <li>InstallSimpleProstheticLeg</li>
      <li>InstallSimpleProstheticHeart</li>
      <li>InstallCochlearImplant</li>
      <li>InstallPegLeg</li>
      <li>InstallDenture</li>
      <li>InstallJoywire</li>
      <li>InstallPainstopper</li>
      <li>InstallNaturalHeart</li>
      <li>InstallNaturalLung</li>
      <li>InstallNaturalKidney</li>
      <li>InstallNaturalLiver</li>
      <li>ExciseCarcinoma</li>
      <li>RemoveBodyPart</li>
      <li>Euthanize</li>
      <li>Anesthetize</li>
    </recipes>
</AlienRace.ThingDef_AlienRace>

</Defs>