<?xml version="1.0" encoding="UTF-8"?>

<Defs>

   <ThingDef ParentName="BodyPartNaturalBase">
      <defName>Tail</defName>
      <label>tail</label>
      <description>A tail.</description>
      <graphicData>
         <texPath>Things/Item/Health/HealthItem</texPath>
         <color>(155,165,148)</color>
         <graphicClass>Graphic_Single</graphicClass>
      </graphicData>
      <statBases>
         <MarketValue>200</MarketValue>
         <Mass>1</Mass>
      </statBases>
   </ThingDef>

   <ThingDef ParentName="BodyPartNaturalBase">
      <defName>RTail</defName>
      <label>tail</label>
      <description>A Racc tail.</description>
      <graphicData>
         <texPath>Things/Item/Health/HealthItem</texPath>
         <color>(155,165,148)</color>
         <graphicClass>Graphic_Single</graphicClass>
      </graphicData>
      <statBases>
         <MarketValue>200</MarketValue>
         <Mass>1</Mass>
      </statBases>
   </ThingDef>
   
  <ThingDef ParentName="BodyPartBionicBase">
    <defName>BionicRaccTail</defName>
    <label>bionic Racc tail</label>
    <description>A technical marvel! intricate gyroscopic feedback systems allow increased movement and dexterity! Amazing! Such Wow!</description>
    <graphicData>
      <texPath>Things/Item/Health/HealthItem</texPath>
      <color>(155,165,148)</color>
      <graphicClass>Graphic_Single</graphicClass>
    </graphicData>
    <costList>
      <Plasteel>10</Plasteel>
      <ComponentSpacer>4</ComponentSpacer>
    </costList>
    <statBases>
      <MarketValue>1500</MarketValue>
      <WorkToMake>38000</WorkToMake>
      <Mass>0.3</Mass>
    </statBases>
    <techHediffsTags>
      <li>Advanced</li>
    </techHediffsTags>
  </ThingDef>

	
	  <ThingDef ParentName="BodyPartProstheticBase">
    <defName>ClothTail</defName>
    <label>cloth tail</label>
    <description>Simple prosthesis made to replace a missing tail. It's better than nothing...</description>
    <graphicData>
      <texPath>Things/Item/Health/HealthItem</texPath>
      <color>(155,165,148)</color>
      <graphicClass>Graphic_Single</graphicClass>
    </graphicData>
    <statBases>
      <MarketValue>400</MarketValue>
      <Mass>.3</Mass>
    </statBases>
    <costList>
      <Cloth>10</Cloth>
    </costList>
    <techHediffsTags>
      <li>Simple</li>
    </techHediffsTags>
  </ThingDef>
  
  
</Defs>